"sep=,"
"received_message","pattern_matching","reply_message","multiple_replies","multiple_reply_delay","multiple_reply_delay_max","recipients","contacts","ignored_contacts","reply_delay","reply_delay_max","specific_times","monday","tuesday","wednesday","thursday","friday","saturday","sunday","pause_type","pause_value","disabled","subrule_of","go_to_rule","req_screen_off","req_charging","req_silent","req_do_not_disturb","req_car_mode","prev_rule_timeout","priority_alert"
"received_message","none","reply_message","single","","","c","contacts","ignored_contacts","","","0","","","","","","","","seconds","0","0","","",,,,,,,
"/menu//#menu//.menu//!menu","normal","```â•°( BOT WHATSAPP )â•¯```\n\n\n*_â˜… ã€Œ BOT INFO ã€ â˜…_*\n\nğŸ¦ ```Nama Bot :``` *AraBotz*\nğŸ¦ ```Nama Owner :``` *Ara Cans* \nğŸ¦ ```Nomer Owner``` : 6285718828687\nğŸ¦ ```Creator :``` *Raffael Gans*\nğŸ¦ ```Recode :``` *Â©AraBotz*\nğŸ¦ ```Prefix :``` *ã€Œ .  ã€*\nğŸ¦ ```Version :``` *1.2*\nğŸ¦ *403 Commands*\nğŸ¦ ```Cek Menu :``` *.menu*\nğŸ¦ ```Group Bot :``` *Ketik .groupbot*\nğŸ¦ ```Runtime :``` *1 Jam, 32 Detik*\nâ€”â€”â€”\n\nâ€”â€”â€”\n*_ğŸ—¿ ã€Œ USER INFO ã€ ğŸ—¿_*\n\nğŸ¼ Nama User : *SayangKu*\nğŸ¼ Nomer User : *%name%*\nğŸ¼ Fit : *User Gratis*\nâ€”â€”â€”\n\nâ€”â€”â€”\n*_âœ¿ ã€Œ MENU INFO ã€ âœ¿_*\n\n*ğŸ¯ ã€Œ .groupbot  ã€ ğŸ¯*\n*ğŸ¯ ã€Œ .infobot     ã€ ğŸ¯*\n*ğŸ¯ ã€Œ .rulesbot   ã€ ğŸ¯*\n*ğŸ¯ ã€Œ .sewabot   ã€ ğŸ¯*\n*ğŸ¯ ã€Œ .owner       ã€ ğŸ¯*\n*ğŸ¯ ã€Œ .creator     ã€ ğŸ¯*\n*ğŸ¯ ã€Œ .donasi      ã€ ğŸ¯*\n*ğŸ¯ ã€Œ .speed       ã€ ğŸ¯*\nâ€”â€”â€”\n\nâ€”â€”â€”\n*_âœ¿ ã€Œ RANDOM INFO ã€ âœ¿_*\n\n*ğŸ¦„ ã€Œ .pantun peribahasa ã€ ğŸ´*\n*ğŸ¦„ ã€Œ .pantun agama         ã€ ğŸ´*\n*ğŸ¦„ ã€Œ .pantun jenaka         ã€ ğŸ´*\n*ğŸ¦„ ã€Œ .pantun nasihat       ã€ ğŸ´*\n*ğŸ¦„ ã€Œ .pantun cinta           ã€ ğŸ´*\n*ğŸ¦„ ã€Œ .pantun budi            ã€ ğŸ´*\n*ğŸ¦„ ã€Œ .katamotivasi          ã€ ğŸ´*\n*ğŸ¦„ ã€Œ .katagombal            ã€ ğŸ´*\n*ğŸ¦„ ã€Œ .katabijak                ã€ ğŸ´*\nâ€”â€”â€”\n\nâ€”â€”â€”\n*_âœ¿ ã€Œ GROUP INFO ã€ âœ¿_*\n\n*ğŸ¯ ã€Œ .namagrup ã€ ğŸ¯*\n*ğŸ¯ ã€Œ .antivirtex  ã€ ğŸ¯*\n*ğŸ¯ ã€Œ .antilink     ã€ ğŸ¯*\n*ğŸ¯ ã€Œ .welcome   ã€ ğŸ¯*\n*ğŸ¯ ã€Œ .hidetag     ã€ ğŸ¯*\n*ğŸ¯ ã€Œ .alltag        ã€ ğŸ¯*\n*ğŸ¯ ã€Œ .add +        ã€ ğŸ¯*\n*ğŸ¯ ã€Œ .kick +       ã€ ğŸ¯*\nâ€”â€”â€”\n\nâ€”â€”â€”\n*_âœ¿ ã€Œ CEK INFO ã€ âœ¿_*\n\n*ğŸº ã€Œ .cektanggal  ã€ ğŸº*\n*ğŸº ã€Œ .cekganteng ã€ ğŸº*\n*ğŸº ã€Œ .cekcantik    ã€ ğŸº* \n*ğŸº ã€Œ .cekpintar    ã€ ğŸº*\n*ğŸº ã€Œ .cekbucin     ã€ ğŸº*\n*ğŸº ã€Œ .ceklesbi       ã€ ğŸº*\n*ğŸº ã€Œ .cekwibu      ã€ ğŸº*\n*ğŸº ã€Œ .cekalay        ã€ ğŸº*\n*ğŸº ã€Œ .cekgay         ã€ ğŸº*\nâ€”â€”â€”\n\nâ€”â€”â€”\n*_âœ¿ ã€Œ STICKER INFO ã€ âœ¿_*\n\n*ğŸº ã€Œ .toimage ã€ ğŸº* \n*ğŸº ã€Œ .tomp4   ã€ ğŸº*\n*ğŸº ã€Œ .stiker     ã€ ğŸº*\n*ğŸº ã€Œ .togif      ã€ ğŸº*\n*ğŸº ã€Œ .tourl      ã€ ğŸº*\nâ€”â€”â€”\n\nâ€”â€”â€”\n*_âœ¿ ã€Œ  DWNLD INFO ã€ âœ¿_*\n\n*ğŸ­ ã€Œ  .facebook ã€ ğŸ­*\n*ğŸ­ ã€Œ  .ytmp4     ã€ ğŸ­*\n*ğŸ­ ã€Œ  .ytmp3     ã€ ğŸ­*\n*ğŸ­ ã€Œ  .tiktok      ã€ ğŸ­*\n*ğŸ­ ã€Œ  .play         ã€ ğŸ­*\n*ğŸ­ ã€Œ  .ig             ã€ ğŸ­*\nâ€”â€”â€”\n\nâ€”â€”â€”\n*_âœ¿ ã€Œ OWNER INFO ã€âœ¿_*\n\n*ğŸ­ ã€Œ .spamvirtex ã€ğŸ­*\n*ğŸ­ ã€Œ .public         ã€ğŸ­*\n*ğŸ­ ã€Œ .leave           ã€ğŸ­*\n*ğŸ­ ã€Œ .spam           ã€ğŸ­*\n*ğŸ­ ã€Œ .join             ã€ğŸ­*\n*ğŸ­ ã€Œ .blok            ã€ğŸ­*\n\n*[> JANGAN SPAM MENU <]*\n\nÂ©AraBotz<#>Bantu Subscribe Kak ğŸ˜«\nhttps://youtube.com/channel/UCy5y79y7gtFACwtbrQRGTFQ","all","","","b","","","","","0","","","","","","","","seconds","0","0","","",,,,,,,
"/groupbot///grupbot//#groupbot//#grupbot//.groupbot//.grupbot//!groupbot//!grupbot","normal","*_Group Bot Whatsapp_*\nhttps://chat.whatsapp.com/GRCiDGHZLfO7DXykbIv855<#>Bantu Subscribe Kak â˜¹ï¸\nhttps://youtube.com/channel/UCy5y79y7gtFACwtbrQRGTFQ","all","","","b","","","","","0","","","","","","","","seconds","0","0","","",,,,,,,
".","normal","*Checking . . .*<#>*Response Speed : 215ms*","all","","","b","","","","","0","","","","","","","","seconds","0","0","","",,,,,,,
"/infobot//#infobot//.infobot//!infobot","normal","Merespon dalam \n821.8310409784317 millidetik\n\nğŸ’¬ Status :\n- *60* Group Chats\n- *47* Groups Joined\n- *13* Groups Left\n- *195* Personal Chats\n- *255* Total Chats\n\nğŸ“± *Phone Info* :\n```ğŸ”‹ Battery : 41% âš¡ Discharging\n{\n  wa_version: '2.22.3.77',\n  mcc: '510',\n  mnc: '010',\n  os_version: '11',\n  device_manufacturer: 'samsung',\n  device_model: 'a02q',\n  os_build_number: 'RP1A.200720.012.A025FXXU3BUJ7'\n}```\n\nğŸ’» *Server Info* :\nRAM: 3.42 GB / 3.48 GB\n\n_NodeJS Memory Usage_\n```rss         : 92.86 MB\nheapTotal   : 88.5 MB\nheapUsed    : 61.41 MB\nexternal    : 34.66 MB\narrayBuffers: 32.04 MB```","single","","","b","","","","","0","","","","","","","","seconds","0","0","","",,,,,,,
"/speed//#speed//.speed//!speed","normal","Kecepatan Respon 0.0079 _Second_ \n 0.0034710168838500977 _miliseconds_\n\nRuntime : 6 jam, 20 menit, 25 detik\n\nğŸ’» Info Server\nRAM: 55.72 GB / 62.14 GB\n\n_NodeJS Memory Usaage_\nrss         : 159.41 MB\nheapTotal   : 49.68 MB\nheapUsed    : 46.39 MB\nexternal    : 10.87 MB\narrayBuffers: 9.27 MB\n\n_Total CPU Usage_\n\nIntel(R) Xeon(R) Platinum 8175M CPU @ 2.50GHz (2499 MHZ)\n- *user* : 39.44%\n- *nice* : 9.86%\n- *sys*  : 16.54%\n- *idle* : 34.17%\n- *irq*  : 0.00%\n\n_CPU Core(s) Usage (8 Core CPU)_\n1. Intel(R) Xeon(R) Platinum 8175M CPU @ 2.50GHz (2499 MHZ)\n- *user* : 41.23%\n- *nice* : 8.80%\n- *sys*  : 17.38%\n- *idle* : 32.59%\n- *irq*  : 0.00%\n\n2. Intel(R) Xeon(R) Platinum 8175M CPU @ 2.50GHz (2499 MHZ)\n- *user* : 40.09%\n- *nice* : 10.00%\n- *sys*  : 16.85%\n- *idle* : 33.06%\n- *irq*  : 0.00%\n\n3. Intel(R) Xeon(R) Platinum 8175M CPU @ 2.50GHz (2499 MHZ)\n- *user* : 40.10%\n- *nice* : 9.54%\n- *sys*  : 17.01%\n- *idle* : 33.35%\n- *irq*  : 0.00%\n\n4. Intel(R) Xeon(R) Platinum 8175M CPU @ 2.50GHz (2499 MHZ)\n- *user* : 40.31%\n- *nice* : 9.64%\n- *sys*  : 17.15%\n- *idle* : 32.90%\n- *irq*  : 0.00%\n\n5. Intel(R) Xeon(R) Platinum 8175M CPU @ 2.50GHz (2499 MHZ)\n- *user* : 39.32%\n- *nice* : 9.97%\n- *sys*  : 15.78%\n- *idle* : 34.94%\n- *irq*  : 0.00%\n\n6. Intel(R) Xeon(R) Platinum 8175M CPU @ 2.50GHz (2499 MHZ)\n- *user* : 37.99%\n- *nice* : 10.47%\n- *sys*  : 15.91%\n- *idle* : 35.63%\n- *irq*  : 0.00%\n\n7. Intel(R) Xeon(R) Platinum 8175M CPU @ 2.50GHz (2499 MHZ)\n- *user* : 38.20%\n- *nice* : 10.35%\n- *sys*  : 16.16%\n- *idle* : 35.30%\n- *irq*  : 0.00%\n\n8. Intel(R) Xeon(R) Platinum 8175M CPU @ 2.50GHz (2499 MHZ)\n- *user* : 38.26%\n- *nice* : 10.08%\n- *sys*  : 16.09%\n- *idle* : 35.57%\n- *irq*  : 0.00%","single","","","b","","","","","0","","","","","","","","seconds","0","0","","",,,,,,,
"/owner//#owner//.owner//!owner//owner","normal","*_A R A C A N S_*\nwa.me/6285718828687<#>*_Save Dong Kak_*","all","","","b","","","","","0","","","","","","","","seconds","0","0","","",,,,,,,
"/donasi//#donasi//.donasi//!donasi","normal","*â”€â”€ ã€Œ DONATE ã€ â”€â”€*\n\n_Kalian Bisa Dukung Bot Lewat Donate Ke :_\n\nhttps://saweria.co/AraBotz\n \n_ã€‹Pulsa : 089671835566 ( Trii )_<#>_Contact person Owner:_\n\n*_Owner AraBotz_*\n_wa.me/6285718828687_\n\n*_Owner RaffaelBotz_*\n_wa.me/6285718828566_","all","","","b","","","","","0","","","","","","","","seconds","0","0","","",,,,,,,
"/creator//#creator//.creator//!creator","normal","*â”€â”€â”€â”€â”€â”€â”€ ã€Œ DEV ã€ â”€â”€â”€â”€â”€â”€â”€*\n\n\n*Â¥â”€â”€â”€[ BIODATA OWNER ]â”€â”€â”€â”€Â¥*\n_ğŸ‘¤ Nama : Ara Fanes_\n_ğŸ’Œ Umur : 15tahun_\n_ğŸ’Œ Kelas : 3 SMP_\n_ğŸ’Œ Status : Jomblo_\n\n*Â¥â”€â”€â”€â”€[ SOSIAL MEDIA ]â”€â”€â”€â”€Â¥*\n_ğŸ€ Instagram : AraFanes_\n_ğŸ€ Facebook : AraFanes_\n_ğŸ€ YouTube : arabotz_","single","","","b","","","","","0","","","","","","","","seconds","0","0","","",,,,,,,
"/rulesbot//#rulesbot//.rulesbot//!rulesbot","normal","â•ã€˜ Rules Ara BOTz ã€™â•\n\nâ¬¡ Mohon untuk tidak Spam Bot karena Bot ini sudah memiliki Otomatis Blokir Bagi Pengguna Bot yang Spam\n\nâ¬¡ Mohon maaf jika ad yg memakai menu Nsfw maka akan di block oleh bot, jika di gc tolong admin untuk menghubungi kami!!\n\nâ¬¡ Mohon untuk tidak Menelpon Bot karena Bot ini sudah memiliki Otomatis Blokir Bagi orang yang nelpon Bot\n\nâ¬¡ Kami tidak bertanggung jawab atas penyalahgunaan bot\n\nâ¬¡ Kami tidak bertanggung jawab atas kebocoran data pribadi anda","single","","","b","","","","","0","","","","","","","","seconds","0","0","","",,,,,,,
"/menugroup//#menugroup//.menugroup//!menugroup","normal","*_ [ â— ] Fitur Ini Khusus Di Dalam Group_*","single","","","c","","","","","0","","","","","","","","seconds","0","0","","",,,,,,,
"/sewabot//#sewabot//.sewabot//!sewabot","normal","*â”€â”€â”€ã€˜ğŸ”– List Harga Sewa ğŸ”–ã€™â”€â”€â”€*\n\n```â‰¥â‰¥â‰¥â‰¥ [ Via Gopay-Dana ] â‰¤â‰¤â‰¤â‰¤```\n*_âŸ©ğŸ›ï¸ 1 Minggu :: Rp.3.000.00 ğŸ›ï¸âŸ¨_*\n*_âŸ©ğŸ›ï¸ Permanent :: Rp.5.000.00 ğŸ›ï¸âŸ¨_*\n\n```â‰¥â‰¥â‰¥â‰¥ [ Via Pulsa Tri ] â‰¤â‰¤â‰¤â‰¤```\n*_âŸ©ğŸ›ï¸ 1 Minggu :: Rp.5.000.00 ğŸ›ï¸âŸ¨_*\n*_âŸ©ğŸ›ï¸ Permanent :: Rp.10.000.00 ğŸ›ï¸âŸ¨_*\n\n```Tertarik Untuk Menyewa Bot Ini?```\n```Ketik =```  *#belibot*\n\n*Â©AraBOTz*","single","","","c","","","","","0","","","","","","","","seconds","0","0","","",,,,,,,
"/belibot//#belibot//.belibot//!belibot","normal","https://saweria.co/AraBotz\n\n```>ğŸ”– Payment Via Pulsa ğŸ”–<```\n>ğŸ›ï¸ *085718828687* ğŸ›ï¸<<#>_Jika Sudah Di Kirim_\n_Kirim Bukti Screenshot Nya ya Kak_","all","","","c","","","","","0","","","","","","","","seconds","0","0","","",,,,,,,
"/listdiamond//#listdiamond//.listdiamond","normal","*âš¡DIAMOND GAME MURAHâš¡*\nâ¤ AraBotz\n\nAMAN , CEPAT , DAN ILEGAL!\n\n/ff\n/ml\n/cod\n/pubg\n/sausage\n\nâ¤ OWNER [ *ARA CANS* ] \nâ¤ DONASI [ 085718828687 ]\nâ¤ INSTAGRAM KAMI [ raffaakmj ]\nâ¤ PAYMENT [ Gopay,Dana,]\nâ¤ TESTIMONI [ 17 ]\n\n*AraBotz*","single","","","b","","","","","0","","","","","","","","seconds","0","0","","",,,,,,,
"/freefire///ff//#ff//.ff//ff","normal","*ğŸ›ï¸DIAMOND FREE FIREğŸ›ï¸*\nâ¤ [ AMEL CANS ]\nâ¤ AMAN,LEGAL,DAN CEPATğŸ‘Œ\n\nâ–â–â–â–â–â–â–â–â–\n\n*ğŸ’70 = Rp.9.300ğŸ”–*\n*ğŸ’100 = Rp.14.000ğŸ”–*\n*ğŸ’140 = Rp.19.000ğŸ”–*\n*ğŸ’210 = Rp.28.000ğŸ”–*\n*ğŸ’355 = Rp.44.500ğŸ”–*\n*ğŸ’425 = Rp.53.000ğŸ”–*\n*ğŸ’510 = Rp.64.500ğŸ”–*\n*ğŸ’720 = Rp.95.000ğŸ”–*\n\nMemberShip Mingguan\n[> Rp.28.500 <] \nMemberShip Bulanan\n[> Rp.137. 000 <] \n\nNote : 1-10Menit\nTestimoni : 16<#>*Salin Tulisan Ini ğŸ‘‡ğŸ‘‡*<#>ID : -\nJumlah Diamond : -<#>Contoh :\n\nID : 15326485\nJumlah Diamond : 140dm","all","","","b","","","","","0","","","","","","","","seconds","0","0","","",,,,,,,
"*/mobilelegend///ml*","normal","*ğŸ’DIAMOND MOBILE LEGENDğŸ’*\nâ¤ [ NAMA SHOP ]\nâ¤ AMAN,LEGAL,DAN CEPATğŸ‘Œ\n\nâ–â–â–â–â–â–â–â–â–\n\n*â„70k = 10.000*\n*â„ISI SENDIRI*\n*â„ISI SENDIRI*\n*â„ISI SENDIRI*\n*â„ISI SENDIRI*\n*â„ISI SENDIRI*\n*â„ISI SENDIRI*\n*â„ISI SENDIRI*\n\nNote : Isi Sendiri \nTestimoni : Testimoni \n\n*SUBSCRIBE HOKUNZ*","single","","","b","","","","","0","","","","","","","","seconds","0","0","","",,,,,,,
"*/cod///calloffduty///call off duty*","expert","*ğŸ’¸CP CALLOFFDUTYğŸ’¸*\nâ¤ [ NAMA SHOP ]\nâ¤ AMAN,LEGAL,DAN CEPATğŸ‘Œ\n\nâ–â–â–â–â–â–â–â–â–\n\n*ğŸ’µ389 = 40.000*\n*ğŸ’µISI SENDIRI*\n*ğŸ’µISI SENDIRI*\n*ğŸ’µISI SENDIRI*\n*ğŸ’µISI SENDIRI*\n*ğŸ’µISI SENDIRI*\n*ğŸ’µISI SENDIRI*\n*ğŸ’µISI SENDIRI*\n\nNote : Isi Sendiri \nTestimoni : Testimoni \n\n*SUBSCRIBE HOKUNZ*","single","","","b","","","","","0","","","","","","","","seconds","0","0","","",,,,,,,
"*/pubg///p u b g*","expert","*ğŸ’°UC PUBGğŸ’°*\nâ¤ [ NAMA SHOP ]\nâ¤ AMAN,LEGAL,DAN CEPATğŸ‘Œ\n\nâ–â–â–â–â–â–â–â–â–\n\n*ğŸ’µ50 = 10.000*\n*ğŸ’µISI SENDIRI*\n*ğŸ’µISI SENDIRI*\n*ğŸ’µISI SENDIRI*\n*ğŸ’µISI SENDIRI*\n*ğŸ’µISI SENDIRI*\n*ğŸ’µISI SENDIRI*\n*ğŸ’µISI SENDIRI*\n\nNote : Isi Sendiri \nTestimoni : Testimoni \n\n*SUBSCRIBE HOKUNZ*","single","","","c","","","","","0","","","","","","","","seconds","0","0","","",,,,,,,
"*/sausage///sosis///sausageman*","expert","*ğŸ¬CANDY SAUSAGEMANğŸ¬*\nâ¤ [ NAMA SHOP ]\nâ¤ AMAN,LEGAL,DAN CEPATğŸ‘Œ\n\nâ–â–â–â–â–â–â–â–â–\n\n*ğŸ¬50 = 10.000*\n*ğŸ¬ISI SENDIRI*\n*ğŸ¬ISI SENDIRI*\n*ğŸ¬ISI SENDIRI*\n*ğŸ¬ISI SENDIRI*\n*ğŸ¬ISI SENDIRI*\n*ğŸ¬ISI SENDIRI*\n*ğŸ¬ISI SENDIRI*\n\nNote : Isi Sendiri \nTestimoni : Testimoni \n\n*SUBSCRIBE HOKUNZ*","single","","","c","","","","","0","","","","","","","","seconds","0","0","","",,,,,,,
"id :*","normal","*ğŸ›ï¸ Pesanan Anda Akan Kami Proses*\n\n*%message%*\n\nUntuk Pembayaran Silahkan Hubungi\nAdmin Kami\n\n\nSilahkan Chat Admin KamiğŸ‘†","single","","","b","","","","","0","","","","","","","","seconds","0","0","","",,,,,,,
"/welcome on//#welcome on//.welcome on//!welcome on///welcome enable//#welcome enable//.welcome enable//!welcome enable","normal","_Welcome Berhasil Di Aktifkan...!!!_","single","","","g","","","","","0","","","","","","","","seconds","0","0","","",,,,,,,
"/welcome off//#welcome off//.welcome off//!welcome off///welcome disable//#welcome disable//.welcome disable//!welcome disable","normal","_Welcome Berhasil Di Nonaktifkan...!_","single","","","g","","","","","0","","","","","","","","seconds","0","0","","",,,,,,,
"/antilink on//#antilink on//.antilink on//!antilink on///antilink enable//#antilink enable//.antilink enable//!antilink enable","normal","_Antilink berhasil di aktifkan...!!_","single","","","g","","","","","0","","","","","","","","seconds","0","0","","",,,,,,,
"/antivirtex on//#antivirtex on//.antivirtex on//!antivirtex on///antivirtex enable//#antivirtex enable//.antivirtex enable//!antivirtex enable","normal","_AntiVirtex berhasil di aktifkan...!_","single","","","g","","","","","0","","","","","","","","seconds","0","0","","",,,,,,,
"/hidetag *//#hidetag *//.hidetag *//!hidetag *","normal","Maaf kak fitur *hidetag* sedang bermasalah","single","","","g","","","","","0","","","","","","","","seconds","0","0","","",,,,,,,
"/alltag//#alltag//.alltag//!alltag","normal","Maaf kak fitur *alltag* sedang bermasalah","single","","","g","","","","","0","","","","","","","","seconds","0","0","","",,,,,,,
"/add *//#add *//.add *","normal","_Gagal Mengundang Nomer Tersebut_","single","","","g","","","","","0","","","","","","","","seconds","0","0","","",,,,,,,
"/cekganteng//#cekganteng//.cekganteng","normal","*[> CEK GANTENG <]*\n\nKayak Nya Lu Jelek Deh:v\n[> 10%<#>*[> CEK GANTENG <]*\n\nJelek kayaknya:v\n[> 20%<#>*[> CEK GANTENG <]*\n\nLain Kali Jangan Lupa Mandi Yaa.. . \n[> 30%<#>*[> CEK GANTENG <]*\n\nLain Kali Jangan Lupa Mandi Yaa... \n[> 40%<#>*[> CEK GANTENG <]*\n\nLumayan Lahh Yaa GntğŸ¤ \n[> 50%<#>*[> CEK GANTENG <]*\n\nLumayan Ganteng LahhğŸ¤ \n[> 60%<#>*[> CEK GANTENG <]*\n\nAnjayy... GantengğŸ˜\n[> 70%<#>*[> CEK GANTENG <]*\n\n Kamu Ganteng YaağŸ˜\n[> 80%<#>*[> CEK GANTENG <]*\n\nNjirr Ganteng Banget LuuğŸ˜\n[> 90%<#>*[> CEK GANTENG <]*\n\nKamu Mau Gk Jadi Pacarku:v\n[> 99%","random","","","b","","","","","0","","","","","","","","seconds","0","0","","",,,,,,,
"/cekcantik//#cekcantik//.cekcantik","normal","*[> CEK CANTIK <]*\n\nKayak Nya Lu Jelek Deh... \n[> 10%<#>*[> CEK CANTIK <]*\n\nLu Jelek:v\n[> 20%<#>*[> CEK CANTIK <]*\n\nTepos Jangan Sok Keras:v\n[> 30%<#>*[> CEK CANTIK <]*\n\nKalo Mandi Pakek Sampo Njirr \n[> 40%<#>*[> CEK CANTIK <]*\n\nLumayan Lahh yaa:v\n[> 50%<#>*[> CEK CANTIK <]*\n\nLumayan cantik ğŸ˜\n[> 60%<#>*[> CEK CANTIK <]*\n\nCantik juga yaa luğŸ˜\n[> 70%<#>*[> CEK CANTIK <]*\n\nCantik Banget Sihh ğŸ˜ğŸ˜. \n[> 80%<#>*[> CEK CANTIK <]*\n\nCalon Istri KuğŸ˜ğŸ˜\n[> 90%<#>*[> CEK CANTIK <]*\n\nYuk ke. Kamar\n[> 100%","random","","","b","","","","","0","","","","","","","","seconds","0","0","","",,,,,,,
"/ceksetia//#ceksetia//.ceksetia","normal","*[> CEK SETIA <]*\n\n```Ngeriii kagak setia```\n[> 10%<#>*[> CEK SETIA <]*\n\n ```Ngerii Kagak Setia```\n[> 20%<#>*[> CEK SETIA <]*\n\n ```Mandang Fisik:v```\n[> 30%<#>*[> CEK SETIA <]*\n\n ```Mandang Fisik:v```\n[> 40%<#>*[> CEK SETIA <]*\n\n ```Lumayan```\n[> 50%<#>*[> CEK SETIA <]*\n\n ```Lumayan```\n[> 60%<#>*[> CEK SETIA <]*\n\n ```Lumayan Setia```\n[> 70%<#>*[> CEK SETIA <]*\n\n ```Lumayan Setia```\n[> 80%<#>*[> CEK SETIA <]*\n\n ```Setia YaağŸ˜```\n[> 90%<#>*[> CEK SETIA <]*\n\n ```Setia Banget```\n[> 99%","random","","","b","","","","","0","","","","","","","","seconds","0","0","","",,,,,,,
"/cekbucin//#cekbucin//.cekbucin","none","*[> CEK BUCIN <]*\n\n```Gimana Mau Cek``` \n```Lu Aja Kagak Punya Pacar```\n[> 10%<#>*[> CEK BUCIN <]*\n\n```Gimana Mau Cek``` \n```Lu Aja Kagak Punya Pacar```\n[> 20%<#>*[> CEK BUCIN <]*\n\n```Cuek Parahh```\n\n[> 30%<#>*[> CEK BUCIN <]*\n\n```Cuek Parah```\n[> 40%<#>*[> CEK BUCIN <]*\n\n```Bucin sih tapi lu jomblo kan??```\n[> 50%<#>*[> CEK BUCIN <]*\n\n```Bucin sih tapi lu jomblo kan?```\n[> 60%<#>*[> CEK BUCIN <]*\n\n```Lumayan Bucin Sihh```\n[> 70%<#>*[> CEK BUCIN <]*\n\n```Lumayan BucinğŸ˜```\n[> 80%<#>*[> CEK BUCIN <]*\n\n```Bucin Banget, Jadi Pengen Pacaran ama kamu ><```\n[> 90%<#>*[> CEK BUCIN <]*\n\n```Bucin Banget, Jadi Pengen Pacaran ama kamu ğŸ˜š```\n[> 99%","random","","","b","","","","","0","","","","","","","","seconds","0","0","","",,,,,,,
"/cekalay//#cekalay//.cekalay","normal","*[> CEK ALAY <]*\n\n```Alhamdulliah Lu Kagak AlayğŸ˜‡```\n[> 10%<#>*[> CEK ALAY <]*\n\n```Alhamdulliah Lu Kagak AlayğŸ˜‡```\n[> 20%<#>*[> CEK ALAY <]*\n\n```Agak AlayğŸ˜¨```\n[> 30%<#>*[> CEK ALAY <]*\n\n```Agak AlayğŸ™„```\n[> 40%<#>*[> CEK ALAY <]*\n\n```Agak AlayğŸ˜Œ ```\n[> 50%<#>*[> CEK ALAY <]*\n\n```Agak Alay ```\n[> 60%<#>*[> CEK ALAY <]*\n\n```Subhanallah Alay BangetğŸ˜Œ```\n[> 70%<#>*[> CEK ALAY <]*\n\n```Subhanallah alay bangetğŸ˜Œ```\n[> 80%<#>*[> CEK ALAY <]*\n\n```Alay Banget sih luuğŸ˜Œ```\n[> 90%<#>*[> CEK ALAY <]*\n\n```Alay Banget sih luuğŸ˜Œ```\n[> 99%","random","","","b","","","","","0","","","","","","","","seconds","0","0","","",,,,,,,
"/cekwibu//#cekwibu//.cekwibu","normal","*[> CEK WIBU <]*\n\n```Alhamdulliah Kagak WibuğŸ—¿```\n[> 10%<#>*[> CEK WIBU <]*\n\n```Alhamdulliah Kagak WibuğŸ—¿```\n[> 20%<#>*[> CEK WIBU <]*\n\n```Agak WibuğŸ—¿```\n[> 30%<#>*[> CEK WIBU <]*\n\n```Agak WibuğŸ—¿```\n[> 40%<#>*[> CEK WIBU <]*\n\n```Pasti Sebelum Tidur Nonton Anime duluğŸ™„```\n[> 50%<#>*[> CEK WIBU <]*\n\n```Pasti Sebelum Tidur Nonton Anime DuluğŸ™„```\n[> 60%<#>*[> CEK WIBU <]*\n\n```Sering Nonton Anime Ya Kalo Lagi Gabut?ğŸ—¿```\n[> 70%<#>*[> CEK WIBU <]*\n\n```Sering Nonton Anime Ya Kalo Lagi Gabut?ğŸ—¿```\n[> 80%<#>*[> CEK WIBU <]*\n\n```Wibu Parah LuuğŸ™„```\n[> 90%<#>*[> CEK WIBU <]*\n\n```Njirr Wibuu```\n\nLari ada wibuuuğŸ—¿ğŸ—¿\n[> 99%","random","","","b","","","","","0","","","","","","","","seconds","0","0","","",,,,,,,
"/ceklesbi//#ceklesbi//.ceklesbi","normal","Lesby: 18%\n\nGatau mau bilang apa<#>Lesby: 38%\n\nNeng tobat jngn mau lesbyğŸ™‚<#>Lesby: 78%\n\nAnjer masuk neraka baru tau rasa loğŸ˜­<#>Lesby: 99%\n\nTobat njerrr<#>Lesby: 67%\n\nHati2 lo nengğŸ‘<#>Lesby: 88%\n\nSTOP Lesby neng<#>Lesby: -9%\n\nBagus ndak lesbyâœŒ","random","","","b","","","","","0","","","","","","","","seconds","0","0","","",,,,,,,
"/cekgay//#cekgay//.cekgay///cektanggal//#cektanggal//.cektanggal///siapa*//#siapa*//.siapa*///siapakah*//#siapakah*//.siapakah///apakah*//#apakah*//.apakah*///kapan*//#kapan*//.kapan*///stiker//#stiker//.stiker//.s///s//#s///sticker//#sticker//.sticker//#togif//#tomp4//#toimage//#tourl//#play *//.play *//#ytmp4 *//.ytmp4 *//#ytmp3 *//.ytmp3 *//#tiktok *//.tiktok *//#ig *//.ig *//#facebook *//.facebook *///tebakkata//#tebakkata//.tebakkata","normal","*Fitur Ini Sedang Dalam Perbaikan Oleh Admin*","random","","","b","","","","","0","","","","","","","","seconds","0","0","","",,,,,,,
"/susunkata//#susunkata//.susunkata","normal","Susunlah Kata Berikut...!!!\n\n*S A Y _ N G*<#>Susunlah Kata Berikut...!!!\n\n*M O B _ L*<#>Susunlah Kata Berikut...!!!\n\n*K E T O P R _ K*<#>Susunlah Kata Berikut...!!!\n\n*M _ T O R*<#>Susunlah kata berikut...!!!\n\n*S _ P E D A*","random","","","b","","","","","0","","","","","","","","seconds","0","0","","",,,,,,,
"sayang//mobil//motor//sepeda//ketoprak","normal","Proses...<#>Jawaban anda Benar...!!!","all","","","b","","","","","0","","","","","","","","seconds","0","0","","",,,,,,,
"/katabijak//#katabijak//.katabijak","normal","""Bila mencintaimu itu hanya mimpi, jangan pernah membangunkanku dari tidurku.""<#>""Jika kamu merasa selalu benar, kamu tidak akan belajar apa-apa di hidup ini.""<#>Â ""Tetaplah semangat, teruslah bermimpi. Yakin sama diri kamu, jangan pernah menyerah.""<#>""Terkadang sendiri lebih baik daripada dikelilingi dengan orang-orang yang salah.""<#>""Pecundang akan banyak alasan, sedangkan pemenang tidak akan membuat alasan.""<#>""Lupakan siapa sainganmu, lakukan yang terbaik, dan ingat siapa yang bersamamu.""","random","","","b","","","","","0","","","","","","","","seconds","0","0","","",,,,,,,
"/katagombal//#katagombal//.katagombal","normal","""Aku bahagia memilih berjalan denganmu. Aku rela untuk berjalan jauh asalkan selalu memegang tanganmu.""<#>""Apa bedanya cincin sama kamu? Kalau cincin melekat di jari, kalau kamu melekat di hati aku.""<#>Â ""Sejak mengenalmu, bawaannya aku pengen belajar terus. Belajar menjadi yang terbaik buat kamu.""<#>""Aku sukanya sih apel dibandingkan anggur, makanya aku suka ngapelin kamu ketimbang nganggurin kamu.""<#>""Namamu bagus, tapi lebih bagus lagi kalau ada di kartu keluargaku.""<#>""Apa perbedaan Saturnus sama kamu? Kalau saturnus cincinnya dari asterois, kalau kamu nanti cincinnya dari aku.""<#>""Aku kerja keras, sebab aku sadar untuk menghalalkanmu tidak cukup hanya dengan cinta.""<#>""Ngemil apa yang paling enak? Ngemilikin Kamu sepenuhnya.""","random","","","b","","","","","0","","","","","","","","seconds","0","0","","",,,,,,,
"/katamotivasi//#katamotivasi//.katamotivasi","normal","Â â€œKehidupan yang besar dimulai dari mimpi yang besar.â€<#>Â â€œLihat ke atas agar terinspirasi, lihat ke bawah agar bersyukur.â€<#>â€œTidak ada kata gagal, yang ada hanya sukses atau perlu belajar lagi sampai berhasil.â€","random","","","b","","","","","0","","","","","","","","seconds","0","0","","",,,,,,,
"/pantun nasihat//#pantun nasihat//.pantun nasihat","normal","Ayahku seorang petani\nBekerja Setiap hari di tanah ladang\nAyo belajar hari ini\nUntuk masa depan yang lebih gemilang<#>Joni memancing di kala fajar\nPulang menenteng banyak ikan\nBagi siapa yang rajin belajar\nPasti akan sukses kemudian<#>Buah kelapa dibikin santan\nDibikinnya di waktu petang\nBuat apa mikirin mantan\nMending kamu inget utang<#>Ikan gabus punya insang,\nPohon pinus tinggi menjulang.\nPemuda itu harus berjuang,\nPeras keringat banting tulang.<#>Elang terbang jauh melayang,\nHinggap di atas tiang.\nSiapa yang sifatnya penyayang,\nPasti dia akan disayang.<#>Jati tumbuh berjajar lima,\nSudah tinggi setinggi kelapa.\nSholat adalah tiang agama,\nMenegakannya, menegakan agama.<#>Bunyi huruf tolong lafalkan,\nKalau baca ayo ucapkan.\nAyat Al Quran mari hafalkan,\nSudah hafal, kita amalkan.<#>Petir datang kilat menyambar,\nHujan deras sedang ditunggu.\nDatang sekolah untuk belajar,\nPulang sekolah dapat ilmu.","random","","","b","","","","","0","","","","","","","","seconds","0","0","","",,,,,,,
"/pantun jenaka//#pantun jenaka//.pantun jenaka","normal","Putih-putih bunga melati\nMerah-Merah buah delima\nBagaimana hati tak geli\nMelihat gajah bermain mata<#>Limau purut di tepi rawa\nBuah belimbing belum masak\nSakit perut sebab tertawa\nMelihat kucing duduk berbedak<#>Pagi-pagi makan kuaci\nJangan dimakan dengan kulitnya\nBagaimana pula kau ini\nSatu tambah satu masa tak bisa<#>Ke pasar membeli gunting\nJangan lupa membeli pita\nSangatlah heran si induk kucing\nMelihat tikus naik kereta<#>Di sini kosong di sana kosong\nTak ada batang tembakau\nBukan saya berkata bohong\nAda katak memikul kerbau<#>Pohon manggis di tepi rawa\nTempat lebah menyimpan madu\nSedang menangis nenek tertawa\nMelihat kakek bermain gundu<#>Kupu-kupu terbang melintang\nHinggap mengisap bunga layu\nHati di dalam menaruh bimbang\nMelihat ikan membaca buku","random","","","b","","","","","0","","","","","","","","seconds","0","0","","",,,,,,,
"/pantun agama//#pantun agama//.pantun agama","normal","Mari kita pergi ke sawah\nPara petani sedang bekerja\nMari kita rajin beribadah\nJangan tunggu sampai tua.<#>Pergi ke pasar membeli meja\nTidak lupa membeli papan\nBelajar ilmu dunia boleh saja\nTapi ilmu agama jangan dilupakan.<#>Jalan-jalan siang hari\nSiang hari aduh panasnya\nKerja keras tiap hari\nIbadah salat jangan lupa<#>Dari kecil menanam biji\nSaat besar jadi pohonan\nSejak kecil rajin mengaji\nMakin teguhlah dalam beriman<#>Selagi langit masih senja\nAyo kita segera berangkat\nSelagi usia masih muda\nAyo kita segera tobat<#>Jalan-jalan keliling desa\nTidak lupa mampir ke sawah\nBersenang-senang boleh saja\nTapi jangan lupa beribadah","random","","","b","","","","","0","","","","","","","","seconds","0","0","","",,,,,,,
"/pantun cinta//#pantun cinta//.pantun cinta","normal","Ibu kasih uang saku\nAyah sedang dendangkan lagu\nTidakkah engkau melihat mataku?\nSeribu cinta sedang menunggu<#>Bunyi hujan adalah tik tik\nDingin angin sejuk rasanya\nAda banyak gadis yang cantik\nTapi hanya kamu yang aku cinta<#>Menangkap ikan pakai jala\nDapat banyak bagi untuk janda\nSenyum mu manis seperti gula\nBanyak lelaki menjadi tergoda<#>Sebelum makan potong kuku\nNasi dimakan bukan dicakar\nJangan berpaling dari cintaku\nKamu lari tetap ku kejar<#>Kejar pencuri pakai belati\nOrang yang takut langsung lari\nKututup mata nampak di hati\nCantik dirimu bagai bidadari<#>Air mawar di dalam cangkir\nDisimpan kendi di bawah parang\nSedari awal hinggalah akhir\nSayangku tercurah untukmu seorang<#>Pohon durian pohon duku\nDi sampingnya pohon waru\nMemandang wajahmu setiap waktu\nTak pernah membuatku jemu<#>Hidup penuh lika liku\nBaca buku isi cerita\nSaat aku bertemu kamu\nEh.. aku langsung jatuh cinta","random","","","b","","","","","0","","","","","","","","seconds","0","0","","",,,,,,,
"/pantun budi//#pantun budi//.pantun budi","normal","Gelas cantik dari beling,\nBaju kotor jangan direndam.\nOrang baik berhati bening,\nTiada pernah menyimpan dendam.<#>Duduk di taman berlama-lama,\nTaman indah banyak bunganya.\nKasih sayang kepada sesama,\nAgar hati merasa bahagia.<#>Naik ke loteng pakai tangga,\nNaik haji pergi ke Mekah.\nUcapan baik lebih berharga,\nDaripada setumpuk sedekah<#>Pergi ke masjid mendapat berkah,\nBajing kecil makan kelapa.\nKemana hendak kaki melangkah,\nBudi baik jangan dilupa.<#>Bunga mawar bunga berduri,\nTangan baik tak kan mencuri.\nSopan santun hiasan diri,\nLebih cantik daripada putri.<#>Hari petang sudah berkemas,\nMalam hitam bagaikan arang.\nBudi baik laksana emas,\nSelalu dicari semua orang.","random","","","b","","","","","0","","","","","","","","seconds","0","0","","",,,,,,,
"/pantun peribahasa//#pantun peribahasa//.pantun peribahasa","normal","dulu loyang\nsekarang besi\ndulu sayang\nsekarang benci<#>Pohon pepaya di dalam semak\nPohon manggis sebesar lengan\nKawan tertawa memang banyak\nKawan menangis di harap jangan<#>Harapkan untung menggamit\nKain di badan diedahkan\nHarapkan guru di lagit\nAir tempayannya di curahkan<#>erat kerat kayu di ladang\nHendak di buat hulu cangkul\nBerapa berat mata memandang\nBerat lagi bahu memikul<#>kehulu memotong pagar\njangan terpotong batang durian\nCari guru tempat belajar\nJngan jadi sesal kemudian<#>Berakit-rakit kita ke hulu\nberenang-renang ketepian.\nbersakit-sakit dahulu\nbersenang-senang kemudian","random","","","b","","","","","0","","","","","","","","seconds","0","0","","",,,,,,,
"#blok//.blok//#spam//.spam//#spamvirtex//.spamvirtex//#public//.public//#leave//.leave//#join *//.join *","normal","Maaf Kak Fitur Ini Khusus Owner Bot","single","","","b","","","","","0","","","","","","","","seconds","0","0","","",,,,,,,
"/namagrup//.namagrup//#namagrup//!namagrup///namagroup//#namagroup//.namagroup","normal","Proses...!!!<#>Berhasil Mendapatkan Nama Group<#>Nama Group : *%chat_name%*","all","","","g","","","","","0","","","","","","","","seconds","0","0","","",,,,,,,
